hPTM_ID,Protein Accession,Protein Description,Position,Amino Acid,Amino Acid + Position,Unimod,PTM Description,Normoxic_Average,Anoxic_Average,log2FC,T-test_t_statistic,T-test_p_value,corrected_p_values
XP_013874651.1.H2A.123.K.255,XP_013874651.1,H2A,123,K,123K,255,Acetald+28 / Dimethyl,44.70027957352493,51.81838429005947,0.21318017477455073,-2.7796785452439465,0.0194613890950679,0.8655642389641752
XP_013885354.1.H2B.L4-like.78.S.21,XP_013885354.1,H2B.L4-like,78,S,78S,21,Phospho,0.18015435834122437,0.29395976161519755,0.7063843316723286,-0.390556341460336,0.7043159068620336,0.9811859103537871
XP_013879560.1.H2A-like.110.P.35,XP_013879560.1,H2A-like,110,P,110P,35,Oxidation/Hydroxyl,38.108392735734164,38.4119294189164,0.011445665863789154,-1.1382791899303508,0.28153960693754704,0.8655642389641752
XP_013887218.1.H3-like.60.K.1,XP_013887218.1,H3-like,60,K,60K,1,Acetyl,11.217389285666094,11.344014602788697,0.016194337113945183,-0.47060581927162315,0.6480190700898554,0.9605929744861385
XP_013857090.1.H2B_1/2-like.74.S.121,XP_013857090.1,H2B_1/2-like,74,S,74S,121,GlyGly,29.886791749822972,22.255178769232135,-0.4253669519437696,0.23423425019165514,0.8195291044553793,0.9998392331113668
XP_013855658.1.H1-like.29.S.23,XP_013855658.1,H1-like,29,S,29S,23,Dehydrated,12.909851861176113,12.63512503620244,-0.031032516032692678,1.2788756359674962,0.22982096174096728,0.8655642389641752
XP_013855658.1.H1-like.34.K.121,XP_013855658.1,H1-like,34,K,34K,121,GlyGly,5.788852459344309,5.778077463375926,-0.0026878665271974174,0.43790933608795407,0.6707595044061813,0.9811859103537871
XP_013887218.1.H3-like.69.D.2,XP_013887218.1,H3-like,69,D,69D,2,Amidated,2.5787125361495726,3.178194117071135,0.3015562314407618,-0.8194582889722808,0.43162188652079014,0.8655642389641752
XP_013887218.1.H3-like.78.K.35,XP_013887218.1,H3-like,78,K,78K,35,Oxidation/Hydroxyl,0.8870387289046582,1.42640744711119,0.6853169772298005,-0.8626806405546557,0.40852558693005747,0.8655642389641752
XP_013858796.1.H2A.Z.75.K.53,XP_013858796.1,H2A.Z,75,K,75K,53,4-hydroxynonenal,45.26504416476586,28.459389667929702,-0.6694926426476501,1.6441896306878263,0.1311641071468419,0.8655642389641752
XP_013874651.1.H2A.111.N.35,XP_013874651.1,H2A,111,N,111N,35,Oxidation/Hydroxyl,26.103041802256076,28.133173879567774,0.10805438110956488,-1.7805910379640817,0.1053258408935695,0.8655642389641752
XP_013887037.1.H3.3.95.E.2,XP_013887037.1,H3.3,95,E,95E,2,Amidated,4.670350479594934,3.7383825058077185,-0.3211166587459411,3.0985417657609338,0.011278637482986074,0.7105541614281227
XP_013887218.1.H3-like.83.T.21,XP_013887218.1,H3-like,83,T,83T,21,Phospho,0.11341595778550083,0.1071023649049354,-0.082634579543222,0.08931972313475509,0.9305914037717121,1.0
XP_013855658.1.H1-like.34.K.53,XP_013855658.1,H1-like,34,K,34K,53,4-hydroxynonenal,1.1282975835572802,0.778083226799826,-0.5361513654662401,1.0440552553818871,0.3210415901302969,0.8655642389641752
XP_013887218.1.H3-like.74.T.23,XP_013887218.1,H3-like,74,T,74T,23,Dehydrated,7.353305729848611,7.305087541979054,-0.00949142705280302,0.37329650781316936,0.7167193381042012,0.9811859103537871
XP_013874651.1.H2A.128.K.378,XP_013874651.1,H2A,128,K,128K,378,Carboxyethyl / Lactyl,13.679846048512001,13.89879384773308,0.02290768482536862,-0.2674128671640214,0.7945855386503362,0.9889435107310783
XP_013887218.1.H3-like.72.T.1,XP_013887218.1,H3-like,72,T,72T,1,Acetyl,3.8055664741249813,4.439116923742301,0.22216145022897846,-0.6153605530085602,0.5520627904551937,0.8979535641695527
XP_013855658.1.H1-like.12.K.34,XP_013855658.1,H1-like,12,K,12K,34,Methyl,11.1906799718986,22.893801778403784,1.032659345453052,-1.264649022113975,0.23467507585440076,0.8655642389641752
XP_013887218.1.H3-like.55.T.1,XP_013887218.1,H3-like,55,T,55T,1,Acetyl,12.356172262290508,12.473130294432613,0.013591672632918375,-0.6130923741585417,0.5535026486840615,0.8979535641695527
XP_013879561.1.H2B_1/2.124.K.121,XP_013879561.1,H2B_1/2,124,K,124K,121,GlyGly,0.010862680531109642,0.028816817518914812,1.4075175803909228,-0.7876093957126153,0.4491906086547631,0.8662197188195669
XP_013857090.1.H2B_1/2-like.42.K.378,XP_013857090.1,H2B_1/2-like,42,K,42K,378,Carboxyethyl / Lactyl,100.0,100.0,-1.4426950008081086e-09,,1.0,1.0
XP_013887205.1.H2AX-like.89.R.7,XP_013887205.1,H2AX-like,89,R,89R,7,Deamidated,12.954236101774926,11.923654820710926,-0.11959743859562269,0.129083454653735,0.8998509665287964,1.0
XP_013887218.1.H3-like.80.K.255,XP_013887218.1,H3-like,80,K,80K,255,Acetald+28 / Dimethyl,0.1956045100201346,0.17198748891426163,-0.18563675110363884,-0.19119862780157185,0.8521961913883433,1.0
XP_013879561.1.H2B_1/2.87.T.21,XP_013879561.1,H2B_1/2,87,T,87T,21,Phospho,17.46106023071227,13.35750626206659,-0.3864904764266778,1.0779862003861396,0.3063560919218366,0.8655642389641752
XP_013887218.1.H3-like.41.R.7,XP_013887218.1,H3-like,41,R,41R,7,Deamidated,27.27862688574618,26.799235352744184,-0.025579193388685053,0.13441332695651106,0.8957425511059158,1.0
XP_013879561.1.H2B_1/2.85.R.425,XP_013879561.1,H2B_1/2,85,R,85R,425,Dioxidation,0.2999697690257497,0.1862896197007671,-0.6872703064067214,1.4392192703085356,0.18064569361263874,0.8655642389641752
XP_013887205.1.H2AX-like.57.E.2,XP_013887205.1,H2AX-like,57,E,57E,2,Amidated,0.07130615707128622,0.17118982321170664,1.2634963570739384,-0.7233260308242402,0.4860542524373801,0.8697569007612813
XP_013887205.1.H2AX-like.76.K.425,XP_013887205.1,H2AX-like,76,K,76K,425,Dioxidation,16.209155268278977,16.96825914439367,0.06602964301393834,-0.13259082590866514,0.8971470289920893,1.0
XP_013887218.1.H3-like.221.C.425,XP_013887218.1,H3-like,221,C,221C,425,Dioxidation,13.004502139263078,15.785441940076343,0.27958347220082497,-0.5882815544542734,0.5693905452403648,0.9024302981168046
XP_013885354.1.H2B.L4-like.87.T.1,XP_013885354.1,H2B.L4-like,87,T,87T,1,Acetyl,2.957875597256946,3.5485456063128584,0.26266642272194507,-0.38644291355138144,0.7072638673914432,0.9811859103537871
XP_013887218.1.H3-like.79.R.7,XP_013887218.1,H3-like,79,R,79R,7,Deamidated,11.95923036848932,12.012807349757677,0.006448782552216225,-0.9262938131062705,0.3761072697068184,0.8655642389641752
XP_013879561.1.H2B_1/2.78.R.36,XP_013879561.1,H2B_1/2,78,R,78R,36,Dimethyl,4.559197725081646,4.059720549049954,-0.16739958668499177,0.3663648047315934,0.7217253385900664,0.9811859103537871
XP_013879561.1.H2B_1/2.98.R.36,XP_013879561.1,H2B_1/2,98,R,98R,36,Dimethyl,2.748069180664443,6.895192480198395,1.3271724494004875,-1.1836040915718335,0.26394231228512727,0.8655642389641752
XP_013857090.1.H2B_1/2-like.75.K.53,XP_013857090.1,H2B_1/2-like,75,K,75K,53,4-hydroxynonenal,23.283125876911313,24.090478643418717,0.049178291631277654,0.7250914793195838,0.4850170764886961,0.8697569007612813
XP_013887205.1.H2AX-like.51.Y.23,XP_013887205.1,H2AX-like,51,Y,51Y,23,Dehydrated,4.352119963773862,3.734537613892934,-0.22078872839985153,0.40264062141618334,0.6956853104946972,0.9811859103537871
XP_013855658.1.H1-like.34.K.255,XP_013855658.1,H1-like,34,K,34K,255,Acetald+28 / Dimethyl,0.784445498283606,0.6980043017729314,-0.16843747126490727,0.23427026259555203,0.8195019099485032,0.9998392331113668
XP_013855658.1.H1-like.52.K.3,XP_013855658.1,H1-like,52,K,52K,3,Biotin,15.565840886741384,15.535153471993224,-0.0028470304877815894,0.7427998514241428,0.47469055884791855,0.8697569007612813
XP_013879561.1.H2B_1/2.115.K.378,XP_013879561.1,H2B_1/2,115,K,115K,378,Carboxyethyl / Lactyl,16.19063142927147,16.624007339739297,0.03810893604776728,-0.26320745459522904,0.7977344062686024,0.9889435107310783
XP_013879561.1.H2B_1/2.86.S.23,XP_013879561.1,H2B_1/2,86,S,86S,23,Dehydrated,6.782290919191494,8.662956569173998,0.35308679466617954,-0.9055156979560754,0.3864895369009277,0.8655642389641752
XP_013885354.1.H2B.L4-like.70.R.425,XP_013885354.1,H2B.L4-like,70,R,70R,425,Dioxidation,13.040730716596732,13.700128706576919,0.07116472470554285,-1.6835692839426324,0.12317224371463827,0.8655642389641752
XP_013879561.1.H2B_1/2.124.K.34,XP_013879561.1,H2B_1/2,124,K,124K,34,Methyl,0.29861685902163104,0.4525361727219809,0.5997370150419573,-1.0344377158312204,0.325299428361717,0.8655642389641752
XP_013879563.1.H1-like.49.S.23,XP_013879563.1,H1-like,49,S,49S,23,Dehydrated,6.184398651332012,4.347081997181094,-0.508586034052762,0.9148474855188534,0.3818018878671262,0.8655642389641752
XP_013879561.1.H2B_1/2.77.S.23,XP_013879561.1,H2B_1/2,77,S,77S,23,Dehydrated,7.755033166178829,5.841984583777379,-0.4086744188030702,1.0116024999687867,0.3355785707518054,0.8655642389641752
XP_013855658.1.H1-like.27.S.21,XP_013855658.1,H1-like,27,S,27S,21,Phospho,29.334161813415715,28.846509947004655,-0.02418499226052566,0.9166989103500912,0.38087666748098936,0.8655642389641752
XP_013887218.1.H3-like.81.T.23,XP_013887218.1,H3-like,81,T,81T,23,Dehydrated,2.0183145192829084,2.821701275611512,0.4834141801386541,0.05831017100296693,0.9546503146649072,1.0
XP_013855658.1.H1-like.63.K.1,XP_013855658.1,H1-like,63,K,63K,1,Acetyl,8.043342832185775,8.43742792266443,0.06900804135713905,-0.8314353786535464,0.4251354699521618,0.8655642389641752
XP_013874651.1.H2A.96.K.255,XP_013874651.1,H2A,96,K,96K,255,Acetald+28 / Dimethyl,12.89987265699875,12.573285261865522,-0.03699517568166483,-0.8817079355900723,0.39863210567039276,0.8655642389641752
XP_013878193.1.H2A-like.104.T.23,XP_013878193.1,H2A-like,104,T,104T,23,Dehydrated,37.87074539005308,37.5367626428074,-0.01277959078757963,1.0074682478078794,0.33746517390596575,0.8655642389641752
XP_013879560.1.H2A-like.126.K.2,XP_013879560.1,H2A-like,126,K,126K,2,Amidated,9.27906562997368,11.311489845014378,0.2857375014207509,-1.2456805748356754,0.2412771607536529,0.8655642389641752
XP_013878240.1.H1-like.31.P.35,XP_013878240.1,H1-like,31,P,31P,35,Oxidation/Hydroxyl,100.0,100.0,-1.4426950008081086e-09,,1.0,1.0
XP_013887218.1.H3-like.190.K.34,XP_013887218.1,H3-like,190,K,190K,34,Methyl,14.093070643729083,11.209875044871849,-0.33021579850209953,1.3395490971000037,0.21003899283327954,0.8655642389641752
XP_013887205.1.H2AX-like.75.K.425,XP_013887205.1,H2AX-like,75,K,75K,425,Dioxidation,16.11596973374712,16.865620324362542,0.06559437211016954,-0.1327603625977757,0.897016362769931,1.0
XP_013887218.1.H3-like.227.R.35,XP_013887218.1,H3-like,227,R,227R,35,Oxidation/Hydroxyl,3.8076775276427908,4.1640288175793785,0.12906871317810623,-0.7239132105954762,0.4857091388289594,0.8697569007612813
XP_013855658.1.H1-like.18.S.121,XP_013855658.1,H1-like,18,S,18S,121,GlyGly,0.24681802953996113,0.3944802397163283,0.6765046659392404,-0.7352756980355847,0.4790610989120079,0.8697569007612813
XP_013857090.1.H2B_1/2-like.98.R.34,XP_013857090.1,H2B_1/2-like,98,R,98R,34,Methyl,44.31933735109938,41.208127234016786,-0.105007414438546,0.8110464763464789,0.4362168982081359,0.8655642389641752
XP_013887205.1.H2AX-like.82.R.35,XP_013887205.1,H2AX-like,82,R,82R,35,Oxidation/Hydroxyl,12.138848964038898,11.61865788960873,-0.06318821222585298,0.3818965437322468,0.7105280154704541,0.9811859103537871
XP_013887218.1.H3-like.78.K.255,XP_013887218.1,H3-like,78,K,78K,255,Acetald+28 / Dimethyl,11.162615375644597,10.939916766726887,-0.029073338061832824,0.6093048782004237,0.5559117148163144,0.8979535641695527
XP_013854970.1.H2A.V.10.S.121,XP_013854970.1,H2A.V,10,S,10S,121,GlyGly,100.0,100.0,-1.4426950008081086e-09,,1.0,1.0
XP_013879561.1.H2B_1/2.107.K.378,XP_013879561.1,H2B_1/2,107,K,107K,378,Carboxyethyl / Lactyl,5.535238254749823,9.513072939962546,0.7812659971203373,-1.1242962902908387,0.28715059360180734,0.8655642389641752
XP_013857090.1.H2B_1/2-like.77.S.21,XP_013857090.1,H2B_1/2-like,77,S,77S,21,Phospho,17.673058743340512,19.294320954893358,0.12662450813719836,-1.085619418087309,0.3031242316331454,0.8655642389641752
XP_013879564.1.H3-like.213.R.7,XP_013879564.1,H3-like,213,R,213R,7,Deamidated,45.61852599084173,44.458997239816355,-0.03714442557937499,-0.007888788685174645,0.9938608824100047,1.0
XP_013887218.1.H3-like.81.T.21,XP_013887218.1,H3-like,81,T,81T,21,Phospho,37.322375230496775,34.70921383981616,-0.10472211878448288,1.20267033147665,0.2568062593097845,0.8655642389641752
XP_013887205.1.H2AX-like.102.T.23,XP_013887205.1,H2AX-like,102,T,102T,23,Dehydrated,5.478849760448278,2.312186141465326,-1.2446155233168206,3.408181777209376,0.0066786447654233645,0.5610061602955626
XP_013855658.1.H1-like.102.K.255,XP_013855658.1,H1-like,102,K,102K,255,Acetald+28 / Dimethyl,100.0,100.0,-1.4426950008081086e-09,,1.0,1.0
XP_013887218.1.H3-like.48.S.121,XP_013887218.1,H3-like,48,S,48S,121,GlyGly,0.21893601962314188,0.4030644134206419,0.880500426221591,-0.40601564484790253,0.6932829205251843,0.9811859103537871
XP_013855658.1.H1-like.26.P.35,XP_013855658.1,H1-like,26,P,26P,35,Oxidation/Hydroxyl,12.23707731733685,11.917432616862152,-0.03818557194644736,0.26768255844002536,0.7943837344404141,0.9889435107310783
XP_013885354.1.H2B.L4-like.90.R.35,XP_013885354.1,H2B.L4-like,90,R,90R,35,Oxidation/Hydroxyl,17.502092519372948,19.089417030744034,0.12524561844393164,-0.22798035665092922,0.824255461634738,0.9998392331113668
XP_013887218.1.H3-like.78.K.1,XP_013887218.1,H3-like,78,K,78K,1,Acetyl,0.5933908588379208,0.7640134681723502,0.3646151251251589,-0.6639725224655297,0.5217216156445212,0.8928284326534205
XP_013879561.1.H2B_1/2.95.T.121,XP_013879561.1,H2B_1/2,95,T,95T,121,GlyGly,0.07925748419584631,0.22238322115285436,1.4884270414686256,-1.3195122147716298,0.21640904894252205,0.8655642389641752
XP_013879561.1.H2B_1/2.115.K.425,XP_013879561.1,H2B_1/2,115,K,115K,425,Dioxidation,2.2458108383340485,1.7464742788105545,-0.36279108520015285,1.6059396567024136,0.13936770840710416,0.8655642389641752
XP_013887205.1.H2AX-like.43.R.7,XP_013887205.1,H2AX-like,43,R,43R,7,Deamidated,16.41627819572506,12.530954790593874,-0.38963074908171974,1.2823320211718712,0.2286541721477198,0.8655642389641752
XP_013887205.1.H2AX-like.43.R.34,XP_013887205.1,H2AX-like,43,R,43R,34,Methyl,1.510857213276624,2.0351902641988846,0.42979625676856453,-0.8242715109338892,0.4290072598798753,0.8655642389641752
XP_013885354.1.H2B.L4-like.69.S.23,XP_013885354.1,H2B.L4-like,69,S,69S,23,Dehydrated,16.068607844551757,16.73634515216918,0.058739558689581924,0.3898819460468015,0.7047988739962745,0.9811859103537871
XP_013879561.1.H2B_1/2.42.K.53,XP_013879561.1,H2B_1/2,42,K,42K,53,4-hydroxynonenal,6.077286335627849,8.275852133262411,0.44548057761513415,-1.5911503955353332,0.14265997474215325,0.8655642389641752
XP_013879560.1.H2A-like.121.T.21,XP_013879560.1,H2A-like,121,T,121T,21,Phospho,19.45917149858524,21.977594777935337,0.1755832126851904,-0.8660672103385734,0.4067524221332868,0.8655642389641752
XP_013855658.1.H1-like.19.T.21,XP_013855658.1,H1-like,19,T,19T,21,Phospho,0.7639301562884347,1.9262706915223458,1.3342976166736535,-2.089245925389409,0.06320904004125616,0.8655642389641752
XP_013887218.1.H3-like.56.R.34,XP_013887218.1,H3-like,56,R,56R,34,Methyl,1.4574115472054594,1.3450264275928796,-0.11577390576483401,0.0263563130501877,0.979491687026927,1.0
XP_013887218.1.H3-like.78.K.425,XP_013887218.1,H3-like,78,K,78K,425,Dioxidation,1.3060523924060672,1.646468904768808,0.3341623830896418,-1.1031031703627483,0.29582050611045024,0.8655642389641752
XP_013855658.1.H1-like.20.K.378,XP_013855658.1,H1-like,20,K,20K,378,Carboxyethyl / Lactyl,0.20744477994039004,0.49376769866592146,1.251104411520036,-1.5195959346062997,0.15957804554403734,0.8655642389641752
XP_013887205.1.H2AX-like.89.R.34,XP_013887205.1,H2AX-like,89,R,89R,34,Methyl,1.0874021885619871,1.1715469269291026,0.10752897370013284,0.02426462867628765,0.9811188971383691,1.0
XP_013879561.1.H2B_1/2.111.S.21,XP_013879561.1,H2B_1/2,111,S,111S,21,Phospho,7.679820330476438,14.353179332608237,0.9022258562776447,-1.3263503717129572,0.21421724250329166,0.8655642389641752
XP_013879563.1.H1-like.42.K.53,XP_013879563.1,H1-like,42,K,42K,53,4-hydroxynonenal,52.435986192281206,52.60842367926305,0.004736564022612518,-0.45731815933021885,0.6572166714937772,0.96852983167504
XP_013855658.1.H1-like.21.P.425,XP_013855658.1,H1-like,21,P,21P,425,Dioxidation,1.110727249839957,1.5708101584110377,0.5000041110986408,-1.632351361999568,0.13365581135108182,0.8655642389641752
XP_013887218.1.H3-like.79.R.425,XP_013887218.1,H3-like,79,R,79R,425,Dioxidation,0.6781602139594299,1.1017725027289254,0.7001280974646826,-1.0114891828326813,0.3356301765476549,0.8655642389641752
XP_013887218.1.H3-like.9.K.37,XP_013887218.1,H3-like,9,K,9K,37,Trimethyl,1.3292141108362945,1.6152330610121695,0.2811687232405767,0.1358056297938161,0.8946698520289438,1.0
XP_013887218.1.H3-like.75.E.2,XP_013887218.1,H3-like,75,E,75E,2,Amidated,12.498865661444885,12.580004024663324,0.009335203651484374,-0.1753789313532412,0.86428220046119,1.0
XP_013879561.1.H2B_1/2.84.K.34,XP_013879561.1,H2B_1/2,84,K,84K,34,Methyl,7.302084981459458,8.975388790586331,0.2976659554282001,-0.7961989328163791,0.44440666496550585,0.8662197188195669
XP_013855658.1.H1-like.22.K.425,XP_013855658.1,H1-like,22,K,22K,425,Dioxidation,21.953961795320957,21.43547359607333,-0.03448102502089961,1.2883409668781556,0.22663730014773267,0.8655642389641752
XP_013855658.1.H1-like.17.K.3,XP_013855658.1,H1-like,17,K,17K,3,Biotin,36.778575714903134,35.310920154069045,-0.05875119878746311,2.177456948025546,0.05447916298914649,0.8655642389641752
XP_013887218.1.H3-like.227.R.7,XP_013887218.1,H3-like,227,R,227R,7,Deamidated,13.23537419700779,14.991788799580835,0.17977353904674978,-0.8016548402368393,0.4413855049706019,0.8662197188195669
XP_013885354.1.H2B.L4-like.70.R.35,XP_013885354.1,H2B.L4-like,70,R,70R,35,Oxidation/Hydroxyl,14.83257161290191,15.862645417603527,0.09686463174878544,-1.8815778469077733,0.08929158526468872,0.8655642389641752
XP_013885354.1.H2B.L4-like.83.R.425,XP_013885354.1,H2B.L4-like,83,R,83R,425,Dioxidation,43.61322053474605,33.3499258808594,-0.3870819756434069,1.0026628058024623,0.3396679469431111,0.8655642389641752
XP_013887218.1.H3-like.78.K.3,XP_013887218.1,H3-like,78,K,78K,3,Biotin,0.11048065843167391,0.1226783678743014,0.15108574948172723,-0.2954733335579791,0.7736764193546878,0.9889435107310783
XP_013857090.1.H2B_1/2-like.78.R.35,XP_013857090.1,H2B_1/2-like,78,R,78R,35,Oxidation/Hydroxyl,34.43893389237127,38.654007253276724,0.16657749893488594,-1.198165285990271,0.25847830237899555,0.8655642389641752
XP_013887218.1.H3-like.79.R.36,XP_013887218.1,H3-like,79,R,79R,36,Dimethyl,0.20193390085329804,0.1713353749337303,-0.23706079675659933,0.04265909240256561,0.9668130509030354,1.0
XP_013855658.1.H1-like.17.K.378,XP_013855658.1,H1-like,17,K,17K,378,Carboxyethyl / Lactyl,0.24275040318632485,0.3879207850974389,0.6762877925193188,-0.7212657388323593,0.48726639645668246,0.8697569007612813
XP_013887037.1.H3.3.87.S.1,XP_013887037.1,H3.3,87,S,87S,1,Acetyl,7.2758207437389535,6.443594504677716,-0.17524431108827102,1.7512278003968753,0.11046131470621767,0.8655642389641752
XP_013879561.1.H2B_1/2.114.T.21,XP_013879561.1,H2B_1/2,114,T,114T,21,Phospho,3.3494238182032023,2.9292561061706643,-0.193378647390255,0.5344004929441343,0.6047412560547267,0.94149251938609
XP_013855658.1.H1-like.51.K.3,XP_013855658.1,H1-like,51,K,51K,3,Biotin,19.370237337311274,20.46210354573275,0.07911282630499852,-0.8260689577662993,0.4280335891055914,0.8655642389641752
XP_013855658.1.H1-like.51.K.425,XP_013855658.1,H1-like,51,K,51K,425,Dioxidation,4.413143823256909,4.71916358704446,0.0967243846783938,-0.47151665725274217,0.6473908409791113,0.9605929744861385
XP_013879560.1.H2A-like.37.K.1,XP_013879560.1,H2A-like,37,K,37K,1,Acetyl,2.8650415572509975,3.079261293737321,0.10402817818824137,-0.35187704342456644,0.7322326079900526,0.9811859103537871
XP_013855658.1.H1-like.22.K.378,XP_013855658.1,H1-like,22,K,22K,378,Carboxyethyl / Lactyl,21.582222655674173,21.33168217002899,-0.016845717855195397,0.3815355017937489,0.7107874964132406,0.9811859103537871
XP_013887205.1.H2AX-like.37.K.1,XP_013887205.1,H2AX-like,37,K,37K,1,Acetyl,6.509084286805421,6.228238445218054,-0.06363043973506717,-0.27411110374997844,0.7895781340782206,0.9889435107310783
XP_013887218.1.H3-like.6.K.1,XP_013887218.1,H3-like,6,K,6K,1,Acetyl,38.559813203554775,35.82519852863758,-0.10612336709889976,0.6365838724857831,0.5386937346546108,0.8979535641695527
XP_013879563.1.H1-like.43.K.53,XP_013879563.1,H1-like,43,K,43K,53,4-hydroxynonenal,41.1097279268103,42.793762050509564,0.05792068620234608,-0.8665019268557316,0.4065251948804681,0.8655642389641752
XP_013887218.1.H3-like.78.K.378,XP_013887218.1,H3-like,78,K,78K,378,Carboxyethyl / Lactyl,17.208333345849443,16.592004883212397,-0.05261916137883337,1.23828354525584,0.24389236284632493,0.8655642389641752
XP_013855658.1.H1-like.26.P.425,XP_013855658.1,H1-like,26,P,26P,425,Dioxidation,17.274325462898194,16.824445594670014,-0.038070419537007294,1.7489887993396613,0.11086212702027508,0.8655642389641752
XP_013887218.1.H3-like.55.T.21,XP_013887218.1,H3-like,55,T,55T,21,Phospho,1.4471112362483318,1.4582469952902193,0.011059178877662853,-0.22664696429531075,0.8252641289173186,0.9998392331113668
XP_013879561.1.H2B_1/2.36.Y.35,XP_013879561.1,H2B_1/2,36,Y,36Y,35,Oxidation/Hydroxyl,4.238742117516096,3.2923041797353205,-0.36453859625644314,0.9382762925196317,0.37021109306409805,0.8655642389641752
XP_013879560.1.H2A-like.121.T.23,XP_013879560.1,H2A-like,121,T,121T,23,Dehydrated,6.436623986245392,7.154034625089844,0.15245288632967402,-1.312090281815005,0.2188090309752678,0.8655642389641752
XP_013879561.1.H2B_1/2.91.R.7,XP_013879561.1,H2B_1/2,91,R,91R,7,Deamidated,11.032314007439298,9.095290650432807,-0.27854379166099397,0.9181066417725662,0.38017424134471256,0.8655642389641752
XP_013879563.1.H1-like.40.K.34,XP_013879563.1,H1-like,40,K,40K,34,Methyl,100.0,100.0,-1.4426950008081086e-09,,1.0,1.0
XP_013879561.1.H2B_1/2.111.S.23,XP_013879561.1,H2B_1/2,111,S,111S,23,Dehydrated,19.46975934784472,13.274181598230603,-0.5526121430745808,1.4322910122618941,0.18256896054634766,0.8655642389641752
XP_013855658.1.H1-like.42.R.7,XP_013855658.1,H1-like,42,R,42R,7,Deamidated,8.187598667034223,8.2476765520247,0.010547350968159978,0.027844381075994493,0.9783341153168117,1.0
XP_013887218.1.H3-like.80.K.35,XP_013887218.1,H3-like,80,K,80K,35,Oxidation/Hydroxyl,0.2256510907236786,0.24488085155870373,0.11798557544162262,-1.6373782220001147,0.13259264286330238,0.8655642389641752
XP_013879561.1.H2B_1/2.85.R.34,XP_013879561.1,H2B_1/2,85,R,85R,34,Methyl,14.203171427025493,17.120118520038286,0.26947957401421213,-0.6596814778321534,0.5243595556853422,0.8928284326534205
XP_013887037.1.H3.3.87.S.121,XP_013887037.1,H3.3,87,S,87S,121,GlyGly,10.893270069080586,18.779378004997245,0.7857121626638062,-1.797232996044469,0.10251316262018591,0.8655642389641752
XP_013879561.1.H2B_1/2.85.R.7,XP_013879561.1,H2B_1/2,85,R,85R,7,Deamidated,10.853248093702293,13.374258491742308,0.3013320249415124,-0.7834152985931541,0.45153873964761004,0.8662197188195669
XP_013874651.1.H2A.102.T.23,XP_013874651.1,H2A,102,T,102T,23,Dehydrated,12.89987265699875,12.573285261865522,-0.03699517568166483,-0.8817079355900723,0.39863210567039276,0.8655642389641752
XP_013879560.1.H2A-like.119.K.3,XP_013879560.1,H2A-like,119,K,119K,3,Biotin,9.27906562997368,11.311489845014378,0.2857375014207509,-1.2456805748356754,0.2412771607536529,0.8655642389641752
XP_013887218.1.H3-like.218.T.121,XP_013887218.1,H3-like,218,T,218T,121,GlyGly,5.289679012544765,6.114618536012187,0.20908229132201034,-0.3450593197679911,0.7371974893133157,0.9811859103537871
XP_013887218.1.H3-like.78.K.121,XP_013887218.1,H3-like,78,K,78K,121,GlyGly,0.6811849112059526,0.7334306188609452,0.10661380584549802,-0.6755091791696421,0.5146686681262442,0.8926654263521306
XP_013887218.1.H3-like.9.K.1,XP_013887218.1,H3-like,9,K,9K,1,Acetyl,5.0515553838516025,6.047284063982142,0.2595596559975064,-0.042338078139046914,0.9670626215673539,1.0
XP_013887205.1.H2AX-like.81.P.35,XP_013887205.1,H2AX-like,81,P,81P,35,Oxidation/Hydroxyl,18.54769594147352,15.73309542642161,-0.2374374458014367,0.6881946500768651,0.5069798798719134,0.8872147897758484
XP_013887218.1.H3-like.68.R.35,XP_013887218.1,H3-like,68,R,68R,35,Oxidation/Hydroxyl,0.3665411944891593,0.4203065295222211,0.19746612780868036,-0.28190203839519884,0.7837664906503419,0.9889435107310783
XP_013879561.1.H2B_1/2.98.R.34,XP_013879561.1,H2B_1/2,98,R,98R,34,Methyl,1.3164730461516905,1.6056128841479413,0.28644600556226457,-0.3254834054107211,0.7515232021349235,0.9811859103537871
XP_013855658.1.H1-like.15.K.53,XP_013855658.1,H1-like,15,K,15K,53,4-hydroxynonenal,11.025457149880381,21.18471300028614,0.9421850951864658,-1.2744912409969873,0.2313080556732018,0.8655642389641752
XP_013855658.1.H1-like.53.T.23,XP_013855658.1,H1-like,53,T,53T,23,Dehydrated,21.96676235445685,21.0370615770811,-0.062389050130764075,1.2917763171889227,0.22549083986583393,0.8655642389641752
XP_013879561.1.H2B_1/2.114.T.23,XP_013879561.1,H2B_1/2,114,T,114T,23,Dehydrated,57.622060911041814,57.18316777440133,-0.01103072024439657,0.07039341050298914,0.9452683861570157,1.0
XP_013887218.1.H3-like.73.Y.35,XP_013887218.1,H3-like,73,Y,73Y,35,Oxidation/Hydroxyl,0.40334237016532454,0.5117486432329692,0.3434300492240002,-1.0349792972881473,0.3250585386148398,0.8655642389641752
XP_013855658.1.H1-like.59.Y.23,XP_013855658.1,H1-like,59,Y,59Y,23,Dehydrated,6.809859803845263,7.330808887562203,0.10634727668253587,-1.1318729597534352,0.28409952352993245,0.8655642389641752
XP_013885354.1.H2B.L4-like.90.R.425,XP_013885354.1,H2B.L4-like,90,R,90R,425,Dioxidation,3.045584987585935,7.47456691522055,1.2952705793529,-1.3044896479513397,0.22128963471214366,0.8655642389641752
XP_013879560.1.H2A-like.102.T.23,XP_013879560.1,H2A-like,102,T,102T,23,Dehydrated,1.724249580756771,1.0687479013654313,-0.6900471125938923,1.288628126552798,0.22654128437286686,0.8655642389641752
XP_013879561.1.H2B_1/2.78.R.7,XP_013879561.1,H2B_1/2,78,R,78R,7,Deamidated,1.6524242614645195,2.8233101321870184,0.7728033783168122,-1.3642018103866012,0.2024173115460245,0.8655642389641752
XP_013879561.1.H2B_1/2.114.T.121,XP_013879561.1,H2B_1/2,114,T,114T,121,GlyGly,0.7135299362237104,0.786893706325989,0.14119460793071426,-0.1564216261312186,0.8788135236935468,1.0
XP_013879561.1.H2B_1/2.45.K.1,XP_013879561.1,H2B_1/2,45,K,45K,1,Acetyl,9.541922835029633,8.812860210920956,-0.11466971314803609,0.08507796336146868,0.933878638898948,1.0
XP_013879561.1.H2B_1/2.89.T.23,XP_013879561.1,H2B_1/2,89,T,89T,23,Dehydrated,16.114347349260633,13.266130777931364,-0.2805981144324237,0.9056535377982974,0.38642000133656174,0.8655642389641752
XP_013887218.1.H3-like.227.R.36,XP_013887218.1,H3-like,227,R,227R,36,Dimethyl,9.93926437647257,10.886882137750725,0.13137984519376458,-0.5916010317392913,0.5672503531112113,0.9024302981168046
XP_013887218.1.H3-like.160.R.7,XP_013887218.1,H3-like,160,R,160R,7,Deamidated,23.21253803221513,22.377881930127373,-0.052830788663877776,0.5280509729513646,0.6089812724600503,0.94149251938609
XP_013887218.1.H3-like.226.K.34,XP_013887218.1,H3-like,226,K,226K,34,Methyl,2.141019768950944,2.205130588284791,0.04256591081968212,-0.18933585199077158,0.853617307397935,1.0
XP_013887218.1.H3-like.17.K.1,XP_013887218.1,H3-like,17,K,17K,1,Acetyl,62.69668379583361,55.70154971731613,-0.1706716726478806,3.4989174346490817,0.005736872271209495,0.5610061602955626
XP_013874651.1.H2A.110.P.35,XP_013874651.1,H2A,110,P,110P,35,Oxidation/Hydroxyl,21.872198560001276,24.530146887317276,0.16545762105264294,-1.4913827028184587,0.16671656675369084,0.8655642389641752
XP_013857090.1.H2B_1/2-like.98.R.35,XP_013857090.1,H2B_1/2-like,98,R,98R,35,Oxidation/Hydroxyl,45.14997635146153,42.01457689244643,-0.10383527969590776,0.8130961306813527,0.435094265696507,0.8655642389641752
XP_013887218.1.H3-like.226.K.121,XP_013887218.1,H3-like,226,K,226K,121,GlyGly,2.2611612522167124,2.661249423216807,0.23503978823208446,-0.6037754848765016,0.5594393237088087,0.8979535641695527
XP_013887037.1.H3.3.80.K.1,XP_013887037.1,H3.3,80,K,80K,1,Acetyl,11.356741531046346,9.646655107980763,-0.23544827728474144,0.6181722866775838,0.5502808343221475,0.8979535641695527
XP_013885354.1.H2B.L4-like.81.T.23,XP_013885354.1,H2B.L4-like,81,T,81T,23,Dehydrated,4.3733888665455245,4.415713473965447,0.013894895270694192,0.3311060247124335,0.7473981205477713,0.9811859103537871
XP_013887218.1.H3-like.60.K.34,XP_013887218.1,H3-like,60,K,60K,34,Methyl,6.151398353456734,6.424003581476804,0.06255826843198946,-0.7477760343229122,0.4718139971174433,0.8697569007612813
XP_013885354.1.H2B.L4-like.82.S.21,XP_013885354.1,H2B.L4-like,82,S,82S,21,Phospho,0.2349682692556686,0.477769296752459,1.0238475852393942,-1.7393708069581197,0.11259898743795418,0.8655642389641752
XP_013879561.1.H2B_1/2.98.R.35,XP_013879561.1,H2B_1/2,98,R,98R,35,Oxidation/Hydroxyl,1.2375436153975132,0.642847376241274,-0.9449313272679456,1.0297670754823547,0.32738244866584987,0.8655642389641752
XP_013855658.1.H1-like.67.R.7,XP_013855658.1,H1-like,67,R,67R,7,Deamidated,19.20358150471545,19.9789421689566,0.05710478940552845,-0.7369156534998216,0.4781063415308231,0.8697569007612813
XP_013887205.1.H2AX-like.49.P.425,XP_013887205.1,H2AX-like,49,P,49P,425,Dioxidation,5.122021039356816,4.414473239081686,-0.21447190988461035,0.5116440264611006,0.6200076110257036,0.9469207150210746
XP_013879561.1.H2B_1/2.84.K.1,XP_013879561.1,H2B_1/2,84,K,84K,1,Acetyl,16.970587612739035,12.66455037423279,-0.4222406696981574,1.31680025572923,0.2172834500499646,0.8655642389641752
XP_013887205.1.H2AX-like.40.Y.23,XP_013887205.1,H2AX-like,40,Y,40Y,23,Dehydrated,16.881666638745372,8.575933902920669,-0.9770916576618527,1.0546289846610213,0.3164091244957018,0.8655642389641752
XP_013878193.1.H2A-like.102.S.23,XP_013878193.1,H2A-like,102,S,102S,23,Dehydrated,62.12925460994691,62.463237357192604,0.007734595480501759,-1.0074682478078967,0.33746517390595787,0.8655642389641752
XP_013887218.1.H3-like.80.K.34,XP_013887218.1,H3-like,80,K,80K,34,Methyl,17.86955690561051,17.26502948254388,-0.04965107195641781,1.239006181317197,0.24363586685462252,0.8655642389641752
XP_013879560.1.H2A-like.57.E.2,XP_013879560.1,H2A-like,57,E,57E,2,Amidated,0.6944511039848177,0.5333994396447729,-0.38065701668037866,0.8622940380269363,0.4087283449181197,0.8655642389641752
XP_013887218.1.H3-like.226.K.425,XP_013887218.1,H3-like,226,K,226K,425,Dioxidation,6.859197662852637,8.218670107428817,0.2608651133903371,-0.5025442006191554,0.6261662818160992,0.9505656808292591
XP_013879560.1.H2A-like.40.Y.35,XP_013879560.1,H2A-like,40,Y,40Y,35,Oxidation/Hydroxyl,2.7200954412530014,2.902810421519139,0.09379302873615464,-0.3323030701778388,0.7465209717819499,0.9811859103537871
XP_013879561.1.H2B_1/2.98.R.213,XP_013879561.1,H2B_1/2,98,R,98R,213,ADP-Ribosyl,0.5318619624117549,1.1055250141286845,1.055607629956674,-1.640719957510028,0.13189006196458605,0.8655642389641752
XP_013855658.1.H1-like.15.K.121,XP_013855658.1,H1-like,15,K,15K,121,GlyGly,9.325268018860164,4.2189684915725145,-1.1442548929882461,0.8948326944113276,0.3919055947768979,0.8655642389641752
XP_013879561.1.H2B_1/2.89.T.121,XP_013879561.1,H2B_1/2,89,T,89T,121,GlyGly,18.534958825104315,15.17996382303407,-0.2880805655179331,0.9272623307955628,0.3756282182269105,0.8655642389641752
XP_013887218.1.H3-like.218.T.21,XP_013887218.1,H3-like,218,T,218T,21,Phospho,6.849880238509468,7.6008002437560815,0.1500725338092625,-0.41061677077346603,0.6900135124412247,0.9811859103537871
XP_013887218.1.H3-like.80.K.378,XP_013887218.1,H3-like,80,K,80K,378,Carboxyethyl / Lactyl,0.10980137245347774,0.1132175101309255,0.044199700284273995,-0.04990671589230774,0.9611794827525747,1.0
XP_013879561.1.H2B_1/2.115.K.1,XP_013879561.1,H2B_1/2,115,K,115K,1,Acetyl,14.490747258086195,14.494232335795559,0.00034692175990712803,0.5660901492020755,0.5838117433482629,0.9195034957735141
XP_013855658.1.H1-like.10.P.35,XP_013855658.1,H1-like,10,P,10P,35,Oxidation/Hydroxyl,4.102902586675329,4.138968409818234,0.012626300856141819,0.32164739124281533,0.7543422534863746,0.9811859103537871
XP_013874651.1.H2A.102.T.121,XP_013874651.1,H2A,102,T,102T,121,GlyGly,20.81081126398211,18.344243183669025,-0.18200582791684974,0.8197356153782267,0.4314709486575977,0.8655642389641752
XP_013885354.1.H2B.L4-like.66.T.23,XP_013885354.1,H2B.L4-like,66,T,66T,23,Dehydrated,100.0,100.0,-1.4426950008081086e-09,,1.0,1.0
XP_013885354.1.H2B.L4-like.70.R.36,XP_013885354.1,H2B.L4-like,70,R,70R,36,Dimethyl,4.635945464550753,3.8755600702028934,-0.2584588121046856,1.3705182138079772,0.2005023594527718,0.8655642389641752
XP_013879561.1.H2B_1/2.35.S.21,XP_013879561.1,H2B_1/2,35,S,35S,21,Phospho,0.31923981998750584,0.3002632819886381,-0.08841300329680567,0.19038503532817524,0.8528168150677322,1.0
XP_013887218.1.H3-like.56.R.7,XP_013887218.1,H3-like,56,R,56R,7,Deamidated,32.67919318518403,32.03211027995216,-0.028853523522219447,0.6433480774171987,0.5344724982202447,0.8979535641695527
XP_013887218.1.H3-like.79.R.34,XP_013887218.1,H3-like,79,R,79R,34,Methyl,17.865246399223388,17.263528860698848,-0.04942842206929281,1.2355840605730082,0.2448524690342873,0.8655642389641752
XP_013879560.1.H2A-like.96.K.378,XP_013879560.1,H2A-like,96,K,96K,378,Carboxyethyl / Lactyl,2.78591824800177,1.7353164196926323,-0.682954225312866,0.8683117748385629,0.4055801246149865,0.8655642389641752
XP_013879560.1.H2A-like.102.T.21,XP_013879560.1,H2A-like,102,T,102T,21,Phospho,38.108392735734164,38.4119294189164,0.011445665863789154,-1.1382791899303508,0.28153960693754704,0.8655642389641752
XP_013879560.1.H2A-like.58.Y.425,XP_013879560.1,H2A-like,58,Y,58Y,425,Dioxidation,71.64565513933621,69.40767252930586,-0.045784067333613884,0.21526844586799668,0.8338849867242304,1.0
XP_013879561.1.H2B_1/2.111.S.121,XP_013879561.1,H2B_1/2,111,S,111S,121,GlyGly,0.4051586769009355,0.26616944634388284,-0.6061424203821336,1.3381430789723159,0.21048082504779841,0.8655642389641752
XP_013887218.1.H3-like.190.K.255,XP_013887218.1,H3-like,190,K,190K,255,Acetald+28 / Dimethyl,1.205526797099507,0.9002192635425448,-0.4213154979755692,2.4103656645232636,0.0366604488100197,0.8655642389641752
XP_013879560.1.H2A-like.65.E.2,XP_013879560.1,H2A-like,65,E,65E,2,Amidated,45.82307951145427,49.728548538062675,0.11799990233700088,-1.1423914972356315,0.279905886413693,0.8655642389641752
XP_013879561.1.H2B_1/2.115.K.35,XP_013879561.1,H2B_1/2,115,K,115K,35,Oxidation/Hydroxyl,2.496481741866662,3.4493798641853273,0.46644060157292805,-0.7106320130397359,0.4935525270192985,0.8697569007612813
XP_013879561.1.H2B_1/2.98.R.7,XP_013879561.1,H2B_1/2,98,R,98R,7,Deamidated,13.598979010980514,13.264688703218496,-0.03590753229442653,0.6098591548456606,0.5555587936263358,0.8979535641695527
XP_013879560.1.H2A-like.51.Y.23,XP_013879560.1,H2A-like,51,Y,51Y,23,Dehydrated,0.4413924819278304,0.2601343553919076,-0.762805438261347,1.1558224861389237,0.2746219136408629,0.8655642389641752
XP_013885354.1.H2B.L4-like.90.R.34,XP_013885354.1,H2B.L4-like,90,R,90R,34,Methyl,30.77835380820721,27.93741553267608,-0.1397175109427408,1.1402140180731075,0.28077001741134494,0.8655642389641752
XP_013879560.1.H2A-like.40.Y.23,XP_013879560.1,H2A-like,40,Y,40Y,23,Dehydrated,1.9343234407835899,1.191223186182334,-0.6993853843358138,0.8437920590730634,0.41851277457834735,0.8655642389641752
XP_013887218.1.H3-like.2.S.1,XP_013887218.1,H3-like,2,S,2S,1,Acetyl,39.16474460964885,36.19794900533206,-0.11364759860965794,1.8768287662945524,0.08999195117180893,0.8655642389641752
XP_013879561.1.H2B_1/2.59.S.121,XP_013879561.1,H2B_1/2,59,S,59S,121,GlyGly,4.47586840436092,2.9010596076753195,-0.6255877135916349,2.052186752071945,0.06726161696932013,0.8655642389641752
XP_013855658.1.H1-like.27.S.121,XP_013855658.1,H1-like,27,S,27S,121,GlyGly,13.929341808935764,13.658266512248415,-0.028352709049001647,0.9882049100893889,0.3463594841555231,0.8655642389641752
XP_013879560.1.H2A-like.37.K.121,XP_013879560.1,H2A-like,37,K,37K,121,GlyGly,1.6484616462739539,1.828731767047607,0.14972307174078878,-0.4179109453309947,0.6848442151934233,0.9811859103537871
XP_013879560.1.H2A-like.43.R.34,XP_013879560.1,H2A-like,43,R,43R,34,Methyl,1.9257854825398033,1.1881244054256797,-0.6967611771828522,0.8420832597437269,0.4194244248195119,0.8655642389641752
XP_013879560.1.H2A-like.123.K.378,XP_013879560.1,H2A-like,123,K,123K,378,Carboxyethyl / Lactyl,1.9895545954756955,2.218106273376656,0.15688292805363782,-0.529968726265174,0.6076990432303335,0.94149251938609
XP_013879561.1.H2B_1/2.85.R.35,XP_013879561.1,H2B_1/2,85,R,85R,35,Oxidation/Hydroxyl,2.259203196021465,2.376039049566919,0.0727444481254168,-0.0940684564928225,0.9269129062834296,1.0
XP_013879561.1.H2B_1/2.102.P.425,XP_013879561.1,H2B_1/2,102,P,102P,425,Dioxidation,0.022192241350945004,0.04739415987085183,1.094647410749974,-1.4439408620505838,0.17934496540987993,0.8655642389641752
XP_013887218.1.H3-like.80.K.425,XP_013887218.1,H3-like,80,K,80K,425,Dioxidation,1.6862990965942748,2.334590559629803,0.4693090189371455,-1.1787695742501834,0.2657766644688294,0.8655642389641752
XP_013887218.1.H3-like.79.R.35,XP_013887218.1,H3-like,79,R,79R,35,Oxidation/Hydroxyl,1.1281857017877648,1.571145444415626,0.4778120544309254,0.005426721468598309,0.9957768571591468,1.0
XP_013885354.1.H2B.L4-like.87.T.23,XP_013885354.1,H2B.L4-like,87,T,87T,23,Dehydrated,3.20494238844923,7.859582998469898,1.2941543018169142,-1.2992543698614758,0.22301176462959177,0.8655642389641752
XP_013887218.1.H3-like.217.D.35,XP_013887218.1,H3-like,217,D,217D,35,Oxidation/Hydroxyl,2.2605981551203174,2.34874754077729,0.05518702647098122,-0.19941865347963578,0.8459318081624011,1.0
XP_013885354.1.H2B.L4-like.69.S.21,XP_013885354.1,H2B.L4-like,69,S,69S,21,Phospho,4.635945464550753,3.8755600702028934,-0.2584588121046856,1.3705182138079772,0.2005023594527718,0.8655642389641752
XP_013879561.1.H2B_1/2.107.K.3,XP_013879561.1,H2B_1/2,107,K,107K,3,Biotin,0.746711590159611,0.37388016894722725,-0.9979753664082125,1.0988898872363204,0.29756803020905137,0.8655642389641752
XP_013857090.1.H2B_1/2-like.75.K.255,XP_013857090.1,H2B_1/2-like,75,K,75K,255,Acetald+28 / Dimethyl,24.60488148737691,17.9611931484112,-0.45406138302169247,0.2782067559850313,0.7865212711847069,0.9889435107310783
XP_013885354.1.H2B.L4-like.90.R.36,XP_013885354.1,H2B.L4-like,90,R,90R,36,Dimethyl,2.957875597256946,3.5485456063128584,0.26266642272194507,-0.38644291355138144,0.7072638673914432,0.9811859103537871
XP_013879563.1.H1-like.43.K.255,XP_013879563.1,H1-like,43,K,43K,255,Acetald+28 / Dimethyl,29.951331040766295,31.49086450789807,0.0723132410316652,-0.9266490245195028,0.3759315232603525,0.8655642389641752
XP_013855658.1.H1-like.12.K.425,XP_013855658.1,H1-like,12,K,12K,425,Dioxidation,4.102902586675329,4.138968409818234,0.012626300856141819,0.32164739124281533,0.7543422534863746,0.9811859103537871
XP_013887218.1.H3-like.175.K.1,XP_013887218.1,H3-like,175,K,175K,1,Acetyl,38.002130625582566,36.92827648260456,-0.04135438007156853,0.3202672885397797,0.7553574071771219,0.9811859103537871
XP_013855658.1.H1-like.22.K.3,XP_013855658.1,H1-like,22,K,22K,3,Biotin,21.122618460388807,20.4153590916142,-0.049133752197519746,2.0651704119753576,0.06581448340254084,0.8655642389641752
XP_013879560.1.H2A-like.119.K.34,XP_013879560.1,H2A-like,119,K,119K,34,Methyl,12.72601936348406,15.34699963229633,0.27017540033306353,-0.8589818571050152,0.41046829146231456,0.8655642389641752
XP_013879561.1.H2B_1/2.55.S.21,XP_013879561.1,H2B_1/2,55,S,55S,21,Phospho,17.776498670605598,15.323338109551473,-0.21424058623503178,0.06146742347320347,0.9521981302186369,1.0
XP_013879561.1.H2B_1/2.107.K.121,XP_013879561.1,H2B_1/2,107,K,107K,121,GlyGly,0.08868023896821577,0.06665661641140873,-0.4118661987467572,0.19302261833804632,0.8508052021416657,1.0
XP_013879563.1.H1-like.46.P.425,XP_013879563.1,H1-like,46,P,46P,425,Dioxidation,87.05584121721854,90.92077972921085,0.06266895283266014,-0.9513123758806522,0.3638721566979616,0.8655642389641752
XP_013879563.1.H1-like.42.K.34,XP_013879563.1,H1-like,42,K,42K,34,Methyl,47.16368712760362,47.01328327419326,-0.004608073949206185,0.2594203540234587,0.800573318210873,0.9889435107310783
XP_013855658.1.H1-like.29.S.121,XP_013855658.1,H1-like,29,S,29S,121,GlyGly,13.952486171232037,13.641753977279656,-0.03249307721218263,0.7301674998049114,0.48204271524741393,0.8697569007612813
XP_013879561.1.H2B_1/2.78.R.34,XP_013879561.1,H2B_1/2,78,R,78R,34,Methyl,4.7559704350690595,4.266141808714571,-0.15680785471232975,0.3503902741846633,0.7333142255798466,0.9811859103537871
XP_013879563.1.H1-like.43.K.34,XP_013879563.1,H1-like,43,K,43K,34,Methyl,15.75394047684224,16.39586468845602,0.05761924981927777,-1.2217525133678488,0.2498199597729683,0.8655642389641752
XP_013887218.1.H3-like.226.K.255,XP_013887218.1,H3-like,226,K,226K,255,Acetald+28 / Dimethyl,10.364981135537919,12.993456064287647,0.3260677124191372,-0.6062161714655718,0.5578806819241531,0.8979535641695527
XP_013857090.1.H2B_1/2-like.98.R.36,XP_013857090.1,H2B_1/2-like,98,R,98R,36,Dimethyl,10.530686297439082,16.777295873536787,0.6719107289121673,-0.8122955613603808,0.4355325224027181,0.8655642389641752
XP_013887218.1.H3-like.56.R.36,XP_013887218.1,H3-like,56,R,56R,36,Dimethyl,0.4820532842823731,0.3939993740993442,-0.2909995865682085,0.8942813020351162,0.3921865773116411,0.8655642389641752
XP_013887037.1.H3.3.84.R.34,XP_013887037.1,H3.3,84,R,84R,34,Methyl,12.542739712807762,20.743898579593054,0.7258345355509483,-1.7124081201085626,0.11760066077017958,0.8655642389641752
XP_013879561.1.H2B_1/2.117.V.2,XP_013879561.1,H2B_1/2,117,V,117V,2,Amidated,2.2067050481858077,1.7207829607089626,-0.35882873060143267,1.6055858415958226,0.139445677628561,0.8655642389641752
XP_013878193.1.H2A-like.51.Y.23,XP_013878193.1,H2A-like,51,Y,51Y,23,Dehydrated,75.0795341886033,80.20242123868653,0.09522608970554292,-0.8479341118605445,0.416308573378409,0.8655642389641752
XP_013855658.1.H1-like.52.K.425,XP_013855658.1,H1-like,52,K,52K,425,Dioxidation,4.660676227268462,4.146062809827042,-0.16879735227394263,0.9769117664290184,0.35165339458412337,0.8655642389641752
XP_013879561.1.H2B_1/2.41.Y.21,XP_013879561.1,H2B_1/2,41,Y,41Y,21,Phospho,6.077286335627849,8.275852133262411,0.44548057761513415,-1.5911503955353332,0.14265997474215325,0.8655642389641752
XP_013857090.1.H2B_1/2-like.45.K.53,XP_013857090.1,H2B_1/2-like,45,K,45K,53,4-hydroxynonenal,100.0,100.0,-1.4426950008081086e-09,,1.0,1.0
XP_013887037.1.H3.3.84.R.7,XP_013887037.1,H3.3,84,R,84R,7,Deamidated,3.2671891820738255,2.478576689611751,-0.39853814070514665,3.7318483420637154,0.003898478311692132,0.5610061602955626
XP_013887218.1.H3-like.78.K.34,XP_013887218.1,H3-like,78,K,78K,34,Methyl,17.814679062722263,17.344215753709108,-0.03861189283096238,1.0079716745572502,0.33723502241350856,0.8655642389641752
XP_013887218.1.H3-like.64.E.2,XP_013887218.1,H3-like,64,E,64E,2,Amidated,9.698192646253109,10.985626757032083,0.1798293495072884,-1.1917988655599672,0.2608560392621828,0.8655642389641752
XP_013887218.1.H3-like.18.R.7,XP_013887218.1,H3-like,18,R,18R,7,Deamidated,1.1202256305898175,2.788234260569886,1.3155623067779525,-1.961295574742913,0.07826774010997947,0.8655642389641752
XP_013854970.1.H2A.V.12.K.1,XP_013854970.1,H2A.V,12,K,12K,1,Acetyl,100.0,100.0,-1.4426950008081086e-09,,1.0,1.0
XP_013887218.1.H3-like.60.K.3,XP_013887218.1,H3-like,60,K,60K,3,Biotin,1.4441951711754424,1.3356056785263322,-0.11277169138228268,0.01930721693435245,0.9849758268008586,1.0
XP_013887218.1.H3-like.68.R.7,XP_013887218.1,H3-like,68,R,68R,7,Deamidated,2.632349449500198,3.0256672795080464,0.200902271730552,-0.779506881317225,0.453734138429297,0.8662197188195669
XP_013887218.1.H3-like.219.N.35,XP_013887218.1,H3-like,219,N,219N,35,Oxidation/Hydroxyl,9.990869418986478,11.702723478157866,0.22816216707163575,-0.48571201104953066,0.6376376931975317,0.9564565397962976
XP_013855658.1.H1-like.23.K.121,XP_013855658.1,H1-like,23,K,23K,121,GlyGly,13.108746795345352,13.168541587347232,0.006565795749806352,0.3315193424164465,0.7470952144437659,0.9811859103537871
XP_013879563.1.H1-like.47.S.23,XP_013879563.1,H1-like,47,S,47S,23,Dehydrated,6.26920688195424,4.359060026253198,-0.524265891676717,0.9909129126743366,0.3450988037266798,0.8655642389641752
XP_013879564.1.H3-like.214.T.23,XP_013879564.1,H3-like,214,T,214T,23,Dehydrated,45.61852599084173,44.458997239816355,-0.03714442557937499,-0.007888788685174645,0.9938608824100047,1.0
XP_013879561.1.H2B_1/2.95.T.1,XP_013879561.1,H2B_1/2,95,T,95T,1,Acetyl,6.606502205772263,5.516071721970382,-0.2602454494048894,0.8865003016970676,0.3961667250319677,0.8655642389641752
XP_013855658.1.H1-like.51.K.378,XP_013855658.1,H1-like,51,K,51K,378,Carboxyethyl / Lactyl,0.5288077810645688,0.6016892186526864,0.18627482797176592,0.11714400554589713,0.9090653102325388,1.0
XP_013887218.1.H3-like.68.R.34,XP_013887218.1,H3-like,68,R,68R,34,Methyl,0.7539503252640005,0.8601024539198516,0.1900388567558154,-0.2880138923357143,0.7792170775402596,0.9889435107310783
XP_013879561.1.H2B_1/2.107.K.255,XP_013879561.1,H2B_1/2,107,K,107K,255,Acetald+28 / Dimethyl,3.763015886197253,6.496882200282681,0.7878581285293174,-1.2009651610740668,0.2574381091249344,0.8655642389641752
XP_013879561.1.H2B_1/2.82.Y.23,XP_013879561.1,H2B_1/2,82,Y,82Y,23,Dehydrated,46.247558476413815,41.702572760665305,-0.14924081656731103,1.6688210955867093,0.12611256127798454,0.8655642389641752
XP_013879561.1.H2B_1/2.95.T.21,XP_013879561.1,H2B_1/2,95,T,95T,21,Phospho,3.662418675450781,9.262333794249248,1.3385789855266177,-1.5202265243717965,0.1594215856733556,0.8655642389641752
XP_013857090.1.H2B_1/2-like.74.S.21,XP_013857090.1,H2B_1/2-like,74,S,74S,21,Phospho,28.281295917851097,29.849793630946937,0.07787272276802785,0.6713919153505847,0.5171791755849646,0.8926654263521306
XP_013879561.1.H2B_1/2.123.S.21,XP_013879561.1,H2B_1/2,123,S,123S,21,Phospho,0.29861685902163104,0.4525361727219809,0.5997370150419573,-1.0344377158312204,0.325299428361717,0.8655642389641752
XP_013885354.1.H2B.L4-like.74.Y.21,XP_013885354.1,H2B.L4-like,74,Y,74Y,21,Phospho,14.83257161290191,15.862645417603527,0.09686463174878544,-1.8815778469077733,0.08929158526468872,0.8655642389641752
XP_013879561.1.H2B_1/2.84.K.255,XP_013879561.1,H2B_1/2,84,K,84K,255,Acetald+28 / Dimethyl,0.6502788354416701,0.4498992686529803,-0.5314566694497495,0.5160755256740572,0.6170194954058978,0.9469207150210746
XP_013878240.1.H1-like.72.R.7,XP_013878240.1,H1-like,72,R,72R,7,Deamidated,43.4926604391605,43.27645101087131,-0.007189771896061001,0.0812433310417746,0.9368514868505696,1.0
XP_013855658.1.H1-like.17.K.53,XP_013855658.1,H1-like,17,K,17K,53,4-hydroxynonenal,0.7513403854283072,1.8942404808486155,1.3340807498836713,-2.050269167719057,0.06747788980557957,0.8655642389641752
XP_013855658.1.H1-like.15.K.378,XP_013855658.1,H1-like,15,K,15K,378,Carboxyethyl / Lactyl,11.448793951872261,14.857760853635726,0.37602106879437314,-0.15795447015804942,0.8776367201624657,1.0
XP_013855658.1.H1-like.29.S.21,XP_013855658.1,H1-like,29,S,29S,21,Phospho,20.814250308613246,20.72059080528328,-0.006506463987031491,-0.18363366613453427,0.8579709116511977,1.0
XP_013887205.1.H2AX-like.60.T.121,XP_013887205.1,H2AX-like,60,T,60T,121,GlyGly,100.0,100.0,-1.4426950008081086e-09,,1.0,1.0
XP_013887218.1.H3-like.229.T.121,XP_013887218.1,H3-like,229,T,229T,121,GlyGly,1.9228673431485679,2.1802381240792914,0.181226402814758,-0.7141928841527921,0.4914419417798921,0.8697569007612813
XP_013879561.1.H2B_1/2.115.K.34,XP_013879561.1,H2B_1/2,115,K,115K,34,Methyl,17.568703120390676,15.946893591840977,-0.1397322886031671,0.27135504914078146,0.7916372778578517,0.9889435107310783
XP_013887205.1.H2AX-like.90.N.35,XP_013887205.1,H2AX-like,90,N,90N,35,Oxidation/Hydroxyl,1.0874021885619871,1.1715469269291026,0.10752897370013284,0.02426462867628765,0.9811188971383691,1.0
XP_013887205.1.H2AX-like.77.T.21,XP_013887205.1,H2AX-like,77,T,77T,21,Phospho,60.57775186740456,64.8565071541042,0.09846328867425562,-0.4947934206836325,0.6314358345422396,0.9528253311655352
XP_013857090.1.H2B_1/2-like.75.K.3,XP_013857090.1,H2B_1/2-like,75,K,75K,3,Biotin,34.43893389237127,38.654007253276724,0.16657749893488594,-1.198165285990271,0.25847830237899555,0.8655642389641752
XP_013887205.1.H2AX-like.82.R.7,XP_013887205.1,H2AX-like,82,R,82R,7,Deamidated,19.22726117313655,17.3498268872147,-0.14823201216868184,0.8374076675237814,0.42192576052101105,0.8655642389641752
XP_013879561.1.H2B_1/2.115.K.121,XP_013879561.1,H2B_1/2,115,K,115K,121,GlyGly,3.451764500920952,3.4294425729849296,-0.009359983256655812,-0.07115398741272308,0.9446781204273194,1.0
